id_number,year_release,game_name
16574,2013,Grisaia no Kajitsu: La Fruit de la Grisaia
16570,2014,Fujiko F. Fujio Characters: Great Assembly! Slightly Fantastic Slapstick Party
16569,2012,End of Nations
16568,2015,Teslagrad
16563,2014,Hanasaku Manimani
16560,2014,Dramatical Murder Re:code
16556,2014,Bound By Flame
16551,2015,Hakuoki: Reimeiroku - Omouhase Kara
16549,2012,Hyakki Yagyou Kaidan Romance
16545,2015,Mario & Luigi: Paper Jam & Mario Kart 7 Double Pack
16538,2013,Mushi Bugyou
16531,2015,Kiniro no Corda 3
16529,2013,Onigokko! Portable
16519,2012,DJ Max Technika Tune
16515,2012,Balloon Pop 2
16510,2013,Romeo Vs. Juliet
16503,2014,Satomi Hakkenden: Hachi Tamanoki
16502,2015,Irotoridori no Sekai: World's End Re-Birth
16498,2012,Unending Bloody Call
16497,2014,Legends of Oz: Dorothy's Return
16488,2012,Koi Sentai Love & Peace the P.S.P: Power Zenkai! Special Youso Tenkomori de Portable Ka Daisakusen de Aru!
16485,2012,Dragon Ball Z for Kinect
16483,2012,Muv-Luv Alternative
16480,2015,"Shinobi, Koi Utsutsu: Setsugetsuka Koi Emaki"
16473,2014,Amnesia Later
16463,2015,"Horse Life 4: My Horse, My Friend, My Champion"
16459,2015,Art Academy: Home Studio
16454,2014,Shin Koihime Musou: Otome Taisen * Sangokushi Engi
16446,2014,Heart no Kuni no Alice: Wonderful Twin World
16438,2013,Getsuei Gakuen: kou
16433,2014,Golden Time: Vivid Memories
16428,2012,Akatsuki no Goei Trinity
16426,2014,SoniPro
16414,2013,Teenage Mutant Ninja Turtles (3DS)
16413,2014,"Sakigake!! Otokojuku - Nihon yo, Kore ga Otoko Dearu!"
16410,2012,Saint Seiya Omega: Ultimate Cosmo
16383,2014,Fate/kaleid liner Prisma Illya
16372,2012,Arabians Lost: The Engagement on Desert
16366,2015,Fallout Anthology
16364,2015,Act of Aggression
16363,2013,Shirahana no Ori: Hiiro no Kakera 4 - Shiki no Uta
16352,2013,Natsuzora no Monologue
16330,2012,Inversion
16329,2015,Dragon Quest X: All in One Package
16325,2014,Binary Star
16320,2014,Touch Detective 3: Does Funghi Dream of Bananas?
16319,2013,Daiya no Kuni no Alice: Wonderful Mirror World
16318,2012,Gakuen Hetalia
16314,2015,Space Hulk
16306,2015,Durarara!! Relay
16305,2014,Tetris Ultimate
16304,2013,Fireman Sam: Action Stations
16303,2012,Tsuyo Kiss 3 Portable
16301,2015,Nitroplus Blasterz: Heroines Infinite Duel
16292,2012,The Train Giant
16289,2015,War for the Overworld
16288,2012,Root Double: Before Crime After Days
16277,2015,Farming Simulator 15 Expansion Pack
16275,2014,Chaos;Head Noah
16271,2012,Dokuro
16269,2015,Kurogane Kaikitan
16253,2014,Strider (2014)
16243,2013,Seisou no Amazones
16226,2013,Nyaruko-San: Nafushigatai Game no You na Mono
16219,2014,Bakumatsu Rock
16218,2014,Tsukigime Ranko's Longest Day
16217,2012,Bunmei Kaika: Aoiza Ibunroku Saien
16208,2013,Caladrius
16207,2014,Ro-Kyu-Bu! Secret Photo Op
16205,2012,Hakuoki: Reimeiroku DS
16203,2015,Hyakka Yakou
16194,2015,Homeworld Remastered Collection
16192,2013,Sonic & All-Stars Racing Transformed
16186,2013,Sakura-Sou no Pet na Kanojo
16185,2013,Princess Arthur
16177,2012,We Sing 80s
16172,2014,Hanayamata: Yosakoi Live
16168,2012,Ouka Sengoku Portable
16164,2014,htoL#NiQ: The Firefly Diary
16158,2013,Isshoni Gohan. Portable
16149,2015,Fuuraiki 3
16148,2012,Mystery Legends: Beauty and the Beast
16142,2015,Norn + Nonette: Last Era
16134,2014,Geten no Hana: Yume Akari
16124,2012,Turbo Trainz
16122,2015,Hitotsu Tobashi Renai V
16117,2014,Psycho-Pass
16115,2013,1/2 Summer +
16113,2013,DoDonPachi Saidaioujou
16112,2015,Paranormal Pursuit: The Gifted One
16110,2014,Marginal #4: Idol of Supernova
16102,2014,Rewrite
16099,2012,Miyako: Awayuki no Utage
16084,2012,Pro Angler Moves
16078,2015,Infinite Stratos 2: Love and Purge
16075,2015,Sousaku Alice to Oujisama!
16067,2015,Kaitou Joker: Toki o Koeru Kaitou to Ushinawareta Houseki
16052,2012,Abunai: Koi no Sousa Shitsu
16046,2015,Raven's Cry
16035,2014,Shinobi Koutsutsu
16017,2012,Nobunaga no Yabou Online: Houou no Shou
16010,2014,Demon Gaze 2
15981,2015,Meiji Toukyou Renka: Twilight Kiss
15976,2012,Vitamin X: Detective B6
15972,2015,Sid Meier's Civilization Revolution 2+
15970,2012,Dream C Club
15967,2012,Curse of the Amsterdam Diamond
15964,2014,Farming Simulator 2014
15956,2015,Girl Friend Beta: Kimi to Sugosu Natsuyasumi
15950,2013,Accel World: Kasoku no Chouten
15948,2014,Grisaia no Meikyuu: Le Labyrinthe de la Grisaia
15946,2013,Tiger & Bunny: Hero's Day
15935,2015,I Doll U
15929,2012,Storm Lover Kai!!
15928,2015,Professional Farmer 2016
15926,2014,Pillars of Eternity
15925,2012,Gaku ? Ou: The Royal Seven Stars
15911,2014,Adventure Time: The Secret of the Nameless
15910,2015,Saenai Kanojo no Sodatekata: Blessing Flowers
15900,2015,The Sims 4: Luxury Party Stuff
15884,2014,Kiss Bell
15866,2014,Gaist Crusher God
15864,2013,Arcana Famiglia 2
15863,2013,Contrast
15860,2014,Kadenz fermata//Akkord:fortissimo
15859,2013,Storm Lover 2nd
15849,2015,Psychedelica of the Black Butterfly
15847,2013,White Album 2: Shiawase no Mukougawa
15842,2014,Dream C Club: GoGo
15832,2014,Phoenix Wright: Ace Attorney Trilogy
15825,2012,Ore wa Shoujo Mangaka
15813,2012,Custom Drive
15796,2015,Kaleidoeve
15783,2015,Reine des Fleurs
15774,2015,Root Infinity Rexx
15772,2015,Clock Zero: Shuuen no Ichibyou - ExTime
15757,2012,L.G.S: Shinsetsu Houshinengi
15743,2015,TV Anime Idolm@ster: Cinderella Girls G4U! Pack Vol.4
15735,2012,Elkrone no Atelier: Dear for Otomate
15724,2013,"Hanayaka Kana, Ware ga Ichizoku: Tasogare Polarstar"
15714,2015,TV Anime Idolm@ster: Cinderella Girls G4U! Pack Vol.3
15712,2013,Ultraman Star Chronicles
15694,2015,Prince of Stride
15692,2014,Robotics;Notes
15679,2015,TV Anime Idolm@ster: Cinderella Girls G4U! Pack Vol.2
15667,2014,Rabbids Invasion: The Interactive TV Show
15646,2012,Seinaru Kana: Orichalcum no Na no Motoni
15644,2014,Grisaia no Rakuen: Le Eden de la Grisaia
15637,2012,Kimikare: New Semester
15621,2013,Ben 10 Omniverse 2
15618,2012,PachiPara 3D: Ooumi Monogatari 2 - Pachi Pro Fuuunroku Hana
15593,2013,Starry ? Sky: After Summer
15584,2015,Niko Puchi Girls Runway
15580,2014,Bakumatsu Rock: Ultra Soul
15577,2015,7 Roses: A Darkness Rises
15573,2015,New Atelier Rorona: Hajimari no Monogatari
15572,2012,Entaku no Seito: The Eternal Legend
15564,2015,Lovely x Cation 1 & 2
15563,2015,Downtown Nekketsu Koushinkyoku: Soreyuke Daiundoukai All-Star Special
15560,2015,Amatsumi Sora ni! Kumo no Hatate ni
15558,2012,Gon: BakuBakuBakuBaku Adventure
15557,2015,Tsuki ni Yori Sou Otome no Sahou: Hidamari no Hibi
15546,2012,Poyo Poyo Kansatsu Nikki
15542,2015,The Talos Principle
15520,2013,X-Plane 10 Global
15515,2012,Soukoku no Kusabi: Hiiro no Kakera 3 - Ashita e no Tobira
15512,2012,Mushihimesama
15509,2013,Meiji Toukyou Renka
15501,2012,Azada
15498,2015,Spirits and Demons: 5 Game Pack
15496,2015,Otoko Yukaku
15493,2015,Devil Survivor: Over Clock
15491,2015,Dynasty Warriors 8: Empires
15480,2013,Heroes VS
15477,2015,Natsuiro High School: Seishun Hakusho
15475,2015,Date-A-Live Twin Edition: Rio Reincarnation
15472,2015,TV Anime Idolm@ster: Cinderella Girls G4U! Pack Vol.5
15455,2012,Mount & Blade Collection
15453,2014,Winx Club: Saving Alfea
15452,2015,Angelique Retour
15449,2015,Nobunaga's Ambition: Tenshouki with Power-Up Kit HD Version
15448,2013,Battle Princess of Arcadias
15445,2015,Legend of Kay Anniversary
15443,2015,Downtown Nekketsu Jidaigek
15438,2012,Dark Tales: Edgar Allan Poe's The Premature Burial
15435,2014,Tenkai Knights: Brave Battle
15434,2012,Kokoro Connect: Yochi Random
15427,2015,Net High
15425,2014,CV Casting Voice
15424,2013,Ro-Kyu-Bu! Lost Secret
15416,2014,Gakuen K: Wonderful School Days
15409,2013,Fist of the North Star: Ken's Rage 2
15408,2013,Vitamin R
15401,2013,The Legend of Heroes: Trails in the Sky Second Chapter
15400,2012,Arcana Famiglia: Vascello Phantasma no Majutsushi
15396,2014,Invizimals: The Resistance
15393,2012,Elminage Gothic: Ulm Zakir to Yami no Gishiki
15387,2015,TV Anime Idolm@ster: Cinderella Girls G4U! Pack Vol.7
15386,2012,Samurai & Dragons
15374,2012,Jewel Link: Galactic Quest
15361,2013,Bella Sara 2 - The Magic of Drasilmare
15360,2013,Saki: Achiga-Hen Portable
15355,2015,Hakuoki: Shinkai - Furi no Shou
15352,2012,Oil Rush
15350,2012,The Idolmaster: Gravure For You! Vol.8
15345,2012,Rinne no Lagrange: Kamogawa Days
15343,2013,Toki no Kizuna: Hanayui Tsuzuri
15335,2012,Gal Gun
15334,2014,The Awakened Fate Ultimatum
15313,2013,Dungeons & Dragons: Shadow over Mystara
15308,2015,Rugby League Team Manager 2015
15297,2012,Detective Jinguuji Saburo: Ronde Revenge
15272,2013,Sniper Elite V2
15269,2013,Shiratsuyu no Kai
15267,2012,Shinken de Watashi ni Koi Shinasai! R
15256,2014,Canimal Triple
15255,2014,Date A Live: Arusu Install
15241,2012,The Idolmaster: Gravure For You! Vol.9
15238,2012,Dies Irae: Amantes Amentes
15230,2012,UnchainBlades EXXiV
15228,2015,Diabolik Lovers: More Blood
15226,2012,Kannou Mukashi Banashi Portable
15219,2012,Genroh
15196,2014,Motto! SoniComi
15172,2013,Zillions of Enemy X: Zetsukai no Crusade
15160,2015,Ukiyo no Roushi
15144,2013,Invizimals: The Lost Kingdom
15143,2014,Uta Kumi 575
15132,2012,Moujuutsukai to Oujisama: Snow Bride Portable
15127,2015,To Love-Ru Trouble: Darkness - True Princess
15107,2012,Brave: The Video Game
15103,2013,Geten no Hana
15084,2012,X3: Terran War Pack
15081,2013,HatsuKare * Renai Debut Sengen!
15074,2015,Thomas and Friends: Steaming around Sodor
15059,2012,Xia-Xia
15054,2012,Natalie Brooks: Mystery at Hillcrest High
15050,2012,Strike Witches: Shirogane no Tsubasa
15043,2015,Winning Post 8 2015
15033,2013,Urakata Hakuoki
15004,2015,Cross Ange: Tenshi to Ryuu no Rondo tr.
14996,2012,Tropico 4: Modern Times
14988,2014,Diabolik Lovers: Vandead Carnival
14981,2015,Blade Arcus from Shining EX
14980,2015,TV Anime Idolm@ster: Cinderella Girls G4U! Pack Vol.6
14975,2015,TV Anime Idolm@ster: Cinderella Girls G4U! Pack Vol.1
14974,2014,Omega Quintet
14955,2012,Ano Hi Mita Hana no Namae o Bokutachi wa Mada Shiranai
14951,2014,Juusanshi Engi Engetsu Sangokuden 2
14940,2012,The Idolmaster: Gravure For You! Vol.7
14927,2013,Yahari Game Demo Ore no Seishun Love-Kome Hamachi Gatteiru
14914,2014,Senjou no Waltz
14892,2013,Daito Giken Koushiki Pachi-Slot Simulator Hihouden: Taiyou o Motomeru Monotachi
14885,2015,God Eater Off Shot: Lindow-hen Twin Pack & Animation Vol. 2
14884,2012,Wand of Fortune 2 FD: Kimi ni Sasageru Epilogue
14880,2013,D.C. III: Da Capo III
14879,2012,Combat Wings: The Great Battles of WWII
14864,2012,Capcom Digital Collection
14862,2015,MeiQ no Chika Ni Shisu: A Maze to Eradicate Them All
14860,2012,Little Busters! Converted Edition
14849,2012,Tokushu Houdoubu
14833,2014,Senran Kagura: Bon AppÃ©tit!
14831,2015,Dream Girl Premier
14821,2013,Monster High 13 Wishes
14819,2014,The Legend of Korra (3DS)
14816,2015,Kisuato
14813,2015,Himoutou! Umaru-Chan: Himoutou Ikusei Keikaku
14806,2012,Touch Shot! Love Application
14795,2014,AMNESIA World
14773,2012,Brothers Conflict: Passion Pink
14769,2013,Nekketsu Kouha Kunio-Kun SP: Rantou Kyousoukyoku
14760,2015,Let's Sing 2016
14757,2015,Xblaze: Lost Memories
14751,2012,Eureka Seven AO: Jungfrau no Hanabanatachi
14749,2012,Tiger & Bunny: On-Air Jack!
14745,2012,Jewel Quest 5: The Sleepless Star
14729,2012,Jewel Match 2
14702,2015,Gudetama: Hanjuku de Tanomuwa
14697,2013,Labyrinth Cross Blood: Infinity
14690,2013,Samurai Warriors 2
14688,2015,Harukanaru Toki no Naka de 6
14684,2012,Secrets of the Titanic
14681,2012,The IdolM@ster: Gravure For You! Vol. 6
14678,2012,Harukanaru Toki no Naka de 5: Kazahanaki
14661,2013,Kamigami no Asobi
14650,2015,Parfait
14649,2012,Botanicula
14634,2015,The Great Mystery Hidden Object Package 5
14628,2015,Romance of the Three Kingdoms II
14619,2015,New Tokyo Legacy: Operation Babel
14618,2014,Nisekoi: Yomeiri!?
14609,2012,Detective Opera: Milky Holmes 2
14604,2015,OZMAFIA!! -vivace-
14591,2013,Megpoid the Music#
14585,2014,HappinessCharge PreCure! Kawarun Collection
14584,2015,Higurashi no Naku Koro ni Iki
14579,2012,Heroes of Hellas 2: Olympia
14570,2012,Oumagatoki: Kaidan Romance
14562,2015,Hyperdimension Neptunia Vs. Sega Hard Girls: Yume no Gattai Special
14557,2013,Beyblade Evolution
14552,2015,Phantasy Star Online 2: Episode 3 Deluxe Package
14548,2015,Kung Fu Panda: Showdown of Legendary Legends
14530,2013,Muv-Luv Alternative: Total Eclipse
14511,2012,The Idolmaster: Gravure For You! Vol. 5
14486,2014,Cabela's Big Game Hunter: Pro Hunts
14484,2014,Power Rangers Super Megaforce
14482,2015,The Peanuts Movie: Snoopy's Grand Adventure
14480,2015,Shantae and the Pirate's Curse
14473,2014,Great Edo Blacksmith
14470,2015,Langrisser: Re:Incarnation Tensei
14464,2015,Renai Revenge
14458,2012,Kyokugen Dasshutsu ADV: Zennin Shiboudesu
14444,2012,Jyuzaengi: Engetsu Sangokuden
14441,2015,Bad Apple Wars
14440,2015,Ebikore Photo Kano Kiss
14435,2015,Alia's Carnival! Sacrament
14428,2013,Renai 0 Kilometer
14406,2013,Darkstalkers Resurrection
14405,2012,Zero Escape: Virtue's Last Reward
14397,2015,Airship Q
14395,2014,Infinite Stratos 2: Ignition Hearts
14385,2015,Hakuoki Zuisouroku Omokage Hana
14382,2015,Medabots 9: Metabee / Rokusho
14378,2014,Hajime no Ippo: The Fighting! (2014)
14376,2013,Brothers Conflict: Brilliant Blue
14370,2013,Toaru Majutsu no Kagaku no Ensemble
14362,2015,PriPara & Pretty Rhythm: PriPara de Tsukaeru Oshare Item 1450!
14361,2015,Gal Gun: Double Peace
14353,2015,A Good Librarian Like a Good Shepherd: Library Party
14351,2013,Sorcery Saga: The Curse of the Great Curry God
14343,2013,Exstetra
14333,2013,The Inner World
14328,2012,Onna no Ko to Misshitsu ni Itara **shichau Kamoshirenai
14319,2013,Toriko: Ultimate Survival
14314,2012,Silverlicious
14312,2012,Captain Morgane and the Golden Turtle
14300,2012,Accel World: Ginyoku no Kakusei
14294,2015,Medarot 9: Kabuto Ver. / Kuwagata Ver.
14282,2013,Cooking Mama 5: Bon Appetit!
14279,2012,.hack: Sekai no Mukou ni + Versus
14277,2014,Living Legends: Frozen Beauty
14276,2012,Beyond the Labyrinth
14271,2015,YoKai Watch Dance: Just Dance Special Version
14262,2014,Toushin Toshi
14261,2013,Tamagotchi no Doki Doki Dream Omisecchi
14252,2012,The Binding of Isaac
14251,2015,Ukiyo no Shishi
14247,2015,Rugby League Live 3
14230,2015,JoJo's Bizarre Adventure: Eyes of Heaven
14228,2013,Yumi's Odd Odyssey
14215,2012,K-On! After School Live!! HD Ver.
14210,2014,Detective Conan: Phantom Rhapsody
14193,2013,Romance of the Three Kingdoms (3DS)
14177,2015,Diabolik Lovers: Dark Fate
14173,2015,Criminal Girls 2
14170,2012,Deer Drive: Legends
14158,2013,Clash of Elementalists
14156,2012,Mame Goma: Shiro to Kuro no Meikyuu
14147,2015,The Legend of Heroes: Trails in the Sky SC Evolution
14145,2012,Gekiatsu!! Pachi Game Tamashi Max: Evangelion 7 x Seimei no Kodou
14144,2014,Tour de France 2014
14128,2012,Even in a Game Listen to Me Girls. I Am Your Father!
14126,2014,Cooking Mama: My Sweets Shop
14117,2012,The Idolmaster: Gravure For You! Vol. 4
14110,2015,DoraMoji: Nobita no Kanji Daisakusen
14108,2013,Onechanbara Z Kagura
14103,2013,Turbo: Super Stunt Squad
14097,2014,Might & Magic X: Legacy
14093,2012,Sangoku Koi Senki: Otome no Heihou!
14085,2015,Assassin's Creed Chronicles: China
14055,2015,Nobunaga's Ambition II
14029,2012,Ailu de Puzzle
14026,2015,Ray Gigant
13992,2013,The Night of the Rabbit
13990,2012,Legasista
13979,2014,Super Hero Generation
13978,2013,Norn9: Norn + Nonette
13976,2012,Toki no Kizuna: Sekigahara Kitan
13957,2014,Ragnarok Odyssey
13938,2015,The Idolm@ster: Must Songs - Red Board / Blue Board
13933,2015,Corpse Party: Blood Covered - Repeated Fear
13932,2015,Train Simulator 2016
13924,2012,Ao no Exorcist: Genkoku no Labyrinth
13922,2012,Hunter x Hunter: Wonder Adventure
13918,2015,Civilization Beyond Earth: Rising Tide
13917,2012,Rabbids Land
13903,2012,Tokumei Sentai Go-Busters
13889,2015,Famicom Remix Best Choice
13869,2015,Paddington: Adventures in London
13866,2015,Tsurugi no Machi no Ihoujin: Kuro no Kyuuden
13862,2012,Mobile Suit Gundam: Mokuba no Kiseki
13856,2015,Hyperdimension Neptunia Victory II
13840,2015,Yuki Yuna is a Hero: Memory of the Forest
13838,2015,The Sims 4: Spa Day
13822,2012,Time Travelers
13792,2013,Date A Live: Rine Utopia
13773,2014,Dolly Kanon Dokidoki Tokimeki Himitsu no Ongaku Katsudou Start Desu!!
13762,2013,J.League Pro Soccer Club o Tsukurou! 8 Euro Plus
13761,2014,Infamous: First Light
13759,2012,Test Drive: Ferrari Legends
13748,2012,Sengoku Musou 3 Z Special
13733,2012,MLB 2K12 / NBA 2K12 Combo Pack
13732,2012,GoGo's Crazy Bones
13727,2012,Hanaoni: Yume no Tsudzuki
13719,2012,Ou to Maou to 7-nin no Himegimitachi: Shin Ousama Monogatari
13707,2012,Shiren the Wanderer 4 - God's Eye and the Demon's Navel
13695,2012,Deadliest Warrior: Ancient Combat
13685,2012,Horses 3D
13655,2015,Gravity Falls: Legend of the Gnome Gemulets
13654,2013,Doki Doki! PreCure Narikiri Life!
13647,2012,Great Battle Full Blast
13634,2012,The Cube
13609,2013,Super Robot Taisen OG Infinite Battle
13600,2014,Doraemon: Shin Nobita no Daimakyou Peko to 5-nin no Tankenta
13590,2013,Ore no Imouto ga Konna ni Kawaii Wake ga Nai Happy EnD
13567,2012,Mechanic Escape
13558,2012,Record of Agarest War: Marriage
13556,2015,Yowamushi Pedal
13546,2013,Painkiller: Hell & Damnation
13498,2013,Nobunaga's Ambition (3DS)
13486,2015,Exist Archive: The Other Side of the Sky
13477,2015,World Trigger: Borderless Mission
13475,2015,Atelier Escha & Logy: Alchemists of the Dusk Sky
13447,2014,Hakuouki SSL: Sweet School Life
13443,2013,LEGO Friends
13410,2014,Atelier Ayesha: The Alchemist of Dusk
13409,2014,Hero Bank 2
13404,2015,Tokyo Ghoul: Jail
13398,2012,Hakuouki: Bakumatsu Musou Roku
13393,2014,To Love-Ru Trouble Darkness: Battle Ecstasy
13375,2013,XBLAZE Code: Embryo
13363,2014,Shin Hayarigami
13356,2013,Fast & Furious: Showdown
13328,2013,Rain (2013)
13306,2013,Gaist Crusher
13287,2015,Saints Row: Gat out of Hell
13284,2012,Diabolik Lovers
13277,2013,Amnesia Crowd
13275,2013,Detective Conan: Marionette Symphony
13262,2015,Sword Art Online: Game Director's Edition
13228,2015,Downtown no Gaki no Tsukai Yaarahen de!! Zettai ni Tsukamatte Haikenai Gasu Kurobikari Land
13192,2012,QUIZ PARTY
13190,2012,G1 Grand Prix
13170,2013,Chousoku Henkei Gyrozetter: Albatross no Tsubasa
13159,2012,Nike+ Kinect Training
13157,2012,Guild 01
13133,2013,Atelier Rorona: Alchemist of Arland
13130,2012,Detective Conan: Prelude from the Past
13128,2013,Winning Post 7 2013
13098,2012,Ben 10 Galactic Racing
13094,2014,Super Heroine Chronicle
13083,2015,Steins;Gate 0
13077,2015,To Heart 2: Dungeon Travelers
13075,2012,Bakemonogatari Portable
13048,2014,Enemy Front
13027,2015,Luminous Arc Infinity
13015,2015,Earth Defense Force 4.1: The Shadow of New Despair
13006,2015,Stranger of Sword City
12993,2012,Koi to Senkyo to Chocolate Portable
12962,2015,Omega Labyrinth
12951,2012,Persona 2: Eternal Punishment
12950,2015,Arcania: Gothic 4
12949,2012,Choujikuu Yousai Macross: Do You Remember Love
12942,2014,Winning Post 8
12941,2012,Minna no Ennichi
12935,2015,Chaos;Child
12920,2014,Nobunaga's Ambition: Sphere of Influence
12919,2013,Zyuden Sentai Kyoryuger: Game de Gaburincho!!
12918,2015,New Prince of Tennis: Go to the Top
12916,2013,Pretty Cure All Stars Everyone Gather ? Let's Dance!
12889,2015,Goosebumps: The Game
12861,2015,Shiren the Wanderer 5 Plus: Fortune Tower and the Dice of Fate
12859,2015,Saki: Zenkoku-hen
12855,2015,Miracle Girls Festival
12832,2015,NHL Legacy
12824,2013,Kyoukai Senjou no Horizon Portable
12807,2014,Nobunaga no Yabou: Souzou
12802,2015,Handball 16
12784,2015,MX vs. ATV Supercross Encore
12767,2012,The Lost Chronicles of Zerzura
12758,2013,Gintama no Sugoroku
12756,2012,Fate/Stay Night [RÃ©alta Nua]
12749,2012,Girls RPG: Cinderellife
12746,2013,Doki-Doki Universe
12744,2012,Hakuouki: Yuugi Roku Ni - Matsuri Hayashi to Taishitachi
12731,2015,Nights of Azure
12713,2014,Chaos Rings III
12695,2013,Ride to Hell
12691,2015,Romance of the Three Kingdoms 13
12681,2015,Yomawari
12652,2012,Nendoroid Generation
12645,2012,Jewel Master: Cradle of Persia
12640,2015,Game of Thrones (Telltale)
12627,2012,Steins;Gate: Hiyoku Renri no Darling
12614,2014,Lord of Magna: Maiden Heaven
12612,2014,Mahouka Koukou no Rettousei: Out of Order
12610,2014,Magi: Aratanaru Sekai
12604,2013,Metal Max 4: Gekkou no Diva
12599,2015,Doraemon: Nobita no Uchuu Eiyuuki
12573,2013,DuckTales: Remastered
12562,2015,Genkai Tokki: Moero Crystal
12559,2012,JoJo's Bizarre Adventure: All Star Battle
12558,2012,Top Gun: Hard Lock
12541,2013,Toriko: Gourmet Battle!
12522,2012,Smile PreCure! Let's Go! Marchen World
12520,2014,The Legend of Heroes VII: The Trail of Blue
12495,2012,Rurouni Kenshin: Meiji Kenyaku Romantan - Kansen
12486,2014,Nazotoki Battle Tore! Densetsu no Makyuu o Fukkatsu Saseyo!
12476,2014,Super Robot Wars OG Saga Masou Kishin F: Coffin of the End
12449,2015,Risen 3: Titan Lords
12439,2012,Jissen Pachislot Secrets! Fist of the North Star F - Seikimatsu Kyuuseishu Densetsu
12433,2015,Barbie and Her Sisters Puppy Rescue
12428,2015,Devil's Third
12423,2014,Crayon Shin-chan: Arashi o Yobu Kasukabe Eiga Stars!
12413,2013,SpongeBob SquarePants: Plankton's Robotic Revenge
12407,2014,A-Train: City Simulator
12400,2015,Taiko no Tatsujin: Atsumete Tomodachi Daisakusen!
12391,2012,Earth Defense Force 2017 Portable
12375,2015,Mario vs. Donkey Kong: Tipping Stars
12361,2014,Game Center CX: 3-Choume no Arino
12341,2014,Ratchet & Clank Collection
12337,2013,Steins;Gate: Senkei Kousoku no Phonogram
12335,2013,Killer Instinct (2013)
12328,2015,Legend of Kay
12313,2012,Dynasty Warriors Vs
12289,2014,Bullet Girls
12282,2015,Broken Sword 5: The Serpent's Curse
12259,2013,Genkai Tokki Monster Monpiece
12250,2012,Jewel Link Chronicles: Mountains of Madness
12245,2014,Cardfight!! Vanguard: Lock On Victory!!
12237,2014,12-Sai. Honto no Kimochi
12220,2014,Gundam Try Age SP
12213,2012,MotorStorm RC
12207,2013,The Guided Fate Paradox
12199,2015,Fairy Fencer F: Advent Dark Force
12195,2014,Hyperdimension Neptunia Victory
12169,2014,Penguins of Madagascar
12166,2015,Future Card Buddy Fight: Yuujou no Bakunetsu Fight
12160,2012,Heroes Phantasia
12147,2014,Transformer: Rise of the Dark Spark (3DS)
12117,2015,Lost Heroes 2
12110,2012,Alan Wake
12107,2015,Monster High: New Ghoul in School
12105,2015,Grand Ages: Medieval
12084,2014,Godzilla (2014)
12078,2015,Toy Soldiers: War Chest
12072,2014,Hoppechan: Minna de Odekake! Waku Waku Hoppe Land!!
12065,2012,Tank! Tank! Tank!
12061,2012,Fairy Tail: Zelef Kakusei
12049,2015,Assassin's Creed: Rogue
12030,2012,Port Royale 3
12026,2015,IA/VT Colorful
12024,2013,Doraemon: Nobita to Himitsu Dougu Hakubutsukan
12022,2015,The Legend of Heroes: Trails in the Sky First Chapter
12019,2014,Cut the Rope
12000,2013,Super Robot Taisen OG Saga: Masou Kishin III - Pride of Justice
11980,2014,Haikyuu!! Tsunage! Itadaki no Keshiki!!
11962,2012,The Legend of Heroes VII: The Trail of Zero
11944,2012,I Don't Have Many Friends Portable
11938,2013,Magi: The Labyrinth of Beginning
11909,2012,Cho~ricchi! Tamagotchi no Puchi Puchi Omisecchi
11899,2013,J Legend Retsuden
11898,2015,Grand Kingdom
11895,2012,E.X. Troopers
11879,2012,Dark Souls
11873,2015,Rugby World Cup 2015
11860,2013,Model * Oshare Audition: Dream Girl
11848,2013,Invizimals: The Alliance
11845,2015,Utawarerumono: Itsuwari no Kamen
11841,2012,Winning Post 7 2012
11840,2013,Mugen Souls Z
11828,2012,Damage Inc.: Pacific Squadron WWII
11815,2013,Goodbye Deponia
11799,2012,Tokimeki Memorial Girl's Side Premium: 3rd Story
11797,2014,Hero Bank
11793,2013,Saint Seiya: Brave Soldiers
11788,2012,Summon Night 4
11785,2013,PhotoKano
11781,2015,Kenka Banchou 6: Soul & Blood
11775,2015,Aikatsu! My No.1 Stage!
11774,2013,Touch Detective: Nameko Shigeru
11765,2012,Zumba Fitness Core
11759,2014,Medabots 8
11735,2015,Yoru no Nai Kuni
11731,2012,Nicola Kanshuu: Model Oshare * Audition Platina
11713,2012,Conception: Please Give Birth to My Child!
11703,2014,Genkai Totsuki Moero Chronicle
11687,2012,Brothers in Arms: Furious 4
11684,2014,Samurai Warriors Chronicles 3
11629,2015,Dragon's Dogma Online
11622,2012,Dangerous Ji-San to 1000-nin no Otomodachi Yokoshima
11606,2013,Medabots Dual: Kabuto / Kuwagata
11602,2014,The Golf Club
11575,2013,Dead Island: Riptide
11559,2015,Valkyrie Drive: Bhikkhuni
11554,2015,Just Dance: Disney Party 2
11542,2015,Looney Tunes: Galactic Sports
11527,2013,Gekijouban Madoka Magicka: The Battle Pentagram
11523,2012,Doraemon: Nobita and the Island of Miracles
11519,2013,Kobitodzukan: Kobito no Fushigi - Jikken Set
11510,2012,Akiba's Trip Plus
11500,2013,AKB1/149: Love Election
11484,2015,The Witch and the Hundred Knight
11475,2015,Uta no Prince-Sama: All Star After Secret
11429,2013,Pretty Rhythm Rainbow Live: Kira Kira My * Design
11409,2012,I Am In The Movie
11407,2013,One Piece: Romance Dawn - Bouken no Yoake
11387,2013,Kamen Rider: Travelers Senki
11386,2013,Pretty Rhythm: My Deco Rainbow Wedding
11341,2013,X Rebirth
11329,2015,The Seven Deadly Sins: Unjust Sin
11313,2012,Warriors Orochi 3 Hyper
11285,2014,MX vs. ATV Supercross
11267,2014,Lara Croft and the Temple of Osiris
11254,2015,Kuroko's Basketball: Ties to Future
11246,2012,Lost Heroes
11238,2014,Just Dance Wii U
11214,2015,Might & Magic Heroes VII
11205,2014,Adventure Time: The Secret of the Nameless Kingdom
11180,2014,Escape Dead Island
11173,2015,SpongeBob: HeroPants
11153,2013,Digimon World Re:Digitize Decode
11150,2015,Sengoku Basara 4: Sumeragi
11135,2014,Hyperdimension Neptunia Re;Birth 2
11131,2012,Romance of the Three Kingdoms XII
11077,2015,Samurai Warriors 4: Empires
11068,2013,Uta no Prince-Sama: Music 2
11066,2012,Shin Ken to Mah? to Gakuenmono. Toki no Gakuen
11053,2013,Inazuma Eleven 3
11035,2013,Cardfight!! Vanguard: Ride to Victory
11008,2012,Supremacy MMA
10994,2015,Pokemon Rumble World
10979,2013,Young Justice: Legacy
10959,2012,Resident Evil Chronicles HD
10925,2012,Brain Age: Concentration Training
10919,2014,Girls und Panzer: I Will Master Tankery
10906,2015,Devil May Cry 4
10903,2014,Etrian Odyssey 2 Untold: Knight of Fafnir
10895,2012,Uta no Prince-Sama: Debut
10893,2015,The Crew: Wild Run
10892,2013,The Amazing Spider-Man (Console Version)
10866,2014,The Voice
10865,2013,PAC-MAN and the Ghostly Adventures
10858,2012,Ouchi Mainichi Tamagotchi
10813,2014,Kuroko's Basketball: Miracle Game
10810,2014,Natural Doctrine
10807,2014,Disney Planes Fire & Rescue
10788,2012,Sol Trigger
10785,2012,Ciel Nosurge: Ushinawareta Hoshi e Sasagu Uta
10758,2015,Wasteland 2
10728,2015,Ultra Street Fighter IV
10699,2014,Fate/hollow ataraxia
10688,2012,Tales of Innocence R
10675,2015,Earth Defense Force 2025.1: The Shadow of New Despair
10662,2015,Atelier Sophie: The Alchemist of the Mysterious Book
10660,2014,Digimon All-Star Rumble
10635,2012,Aquapazza: Aquaplus Dream Match
10599,2012,NASCAR The Game: Inside Line
10591,2012,All Kamen Rider: Rider Generation 2
10573,2013,Digimon Adventure
10562,2014,Yaiba: Ninja Gaiden Z
10545,2012,Inazuma Eleven GO Strikers 2013
10515,2012,Samurai Warriors Chronicles 2nd
10499,2013,Little Battlers eXperience W
10483,2014,Etrian Odyssey II: Heroes of Lagaard
10476,2012,Kidou Senshi Gundam UC
10475,2013,Macross 30: Ginga o Tsunagu Utagoe
10450,2012,Fatal Frame 2: Wii Edition
10443,2015,Taiko no Tatsujin: V Version
10436,2014,Kamen Rider: Battride War II
10435,2015,Adventure Time: Finn & Jake Investigations
10433,2012,Kenka Bancho Bros: Tokyo Battle Royale
10408,2014,Child of Light
10407,2012,Mobile Suit Gundam Age: Universe Accel / Cosmic Drive
10396,2014,Earth Defense Force 2: Invaders from Planet Space
10393,2014,BlazBlue: Chrono Phantasma
10390,2012,Warriors Orochi 3
10388,2014,Tales of the World: Reve Unitia
10337,2013,Scribblenauts Unmasked: A DC Comics Adventure
10335,2012,Blades of Time
10320,2015,Picross 3D 2
10299,2015,PriPara Mezase! Idol Grand Prix No.1!
10276,2012,My Little Sister Can't Be This Cute Portable
10270,2013,Shining Ark
10244,2012,AKB48+Me
10214,2013,The Croods: Prehistoric Party!
10154,2015,Super Run For Money Tousouchuu Atsumare! Saikyou no Tousou Monotachi
10140,2013,Criminal Girls: Invite Only
10129,2012,Funky Barn
10125,2014,Pac-Man and the Ghostly Adventures 2
10114,2015,Samurai Warriors 4-II
10074,2014,Fatal Frame: Maiden of Black Water
10059,2014,Puyo Puyo Tetris
10055,2014,Taiko Drum Master: Tokumori!
10037,2012,Pocket Soccer League: Calciobit
10000,2012,Yakuza
9991,2015,Sword Art Online: Hollow Fragment
9974,2013,Armored Core: Verdict Day
9973,2013,2 in 1 Combo Pack: Sonic Heroes / Super Monkey Ball Deluxe
9969,2014,Hyperdimension Neptunia Re;Birth 3
9958,2014,Tokyo Twilight Ghost Hunters
9946,2014,Makai Shin Trillion
9938,2014,Love Live! School Idol Paradise
9920,2015,MegaTagmension Blanc + Neptune VS Zombies
9918,2015,Don Bradman Cricket 14
9907,2015,Rodea the Sky Soldier
9894,2014,One Piece: Super Grand Battle! X
9891,2013,ArmA III
9887,2013,Uta no * Prince-Sama: All Star
9885,2013,Deus Ex: Human Revolution
9869,2014,Sacred 3
9841,2013,Fate/Extra CCC
9773,2012,Crush3D
9770,2014,Mobile Suit Gundam Side Story: Missing Link
9756,2015,WRC 5: FIA World Rally Championship
9751,2012,Super Robot Wars OG Saga: Masou Kishin II - Revelation of Evil God
9739,2012,Summon Night 3
9736,2014,Gotouchi Tetsudou: Gotouchi Chara to Nihon Zenkoku no Tabi
9729,2015,Final Fantasy XIV: Heavensward
9685,2012,Kidou Senshi Gundam Seed Battle Destiny
9666,2012,Marvel Avengers: Battle for Earth
9662,2012,Puella Magi Madoka Magica Portable
9639,2014,Operation Abyss: New Tokyo Legacy
9634,2014,Aikatsu! 365 Idol Days
9631,2013,Little Battlers eXperience: Wars
9619,2013,7th Dragon 2020-II
9609,2013,Soccer Tsuku: Pro Soccer Club o Tsukurou!
9593,2013,LEGO Batman 2: DC Super Heroes
9583,2015,Assassination Classroom: Grand Siege on Kuro-sensei
9578,2015,Gravity Rush Remastered
9558,2013,Fuse (Insomniac)
9513,2015,Brothers: A Tale of Two Sons
9475,2014,Under Night In-Birth
9473,2015,Hasbro Family Fun Pack
9464,2012,Steel Battalion: Heavy Armor
9459,2014,The IdolM@ster: One for All
9453,2012,NeverDead
9419,2015,Super Robot Wars BX
9416,2012,Tales of the Heroes: Twin Brave
9395,2015,Rugby 15
9372,2012,Euro Truck Simulator 2
9363,2013,Hyperdimension Idol Neptunia PP
9362,2015,Shovel Knight
9354,2012,Suikoden: Tsumugareshi Hyakunen no Toki
9339,2012,Medalot 7
9328,2012,Nayuta no Kiseki
9307,2012,Game Party: Champions
9294,2014,Shining Resonance
9263,2015,BlazBlue: Chrono Phantasma Extend
9245,2015,Famista Returns
9232,2015,Cities: Skylines
9227,2014,Persona 4: Arena Ultimax
9213,2012,Dynasty Warriors 7: Empires
9212,2012,Reality Fighters
9193,2014,Pro Yaky? Spirits 2014
9186,2015,Monster Hunter Diary: Poka Poka Airou Village DX
9146,2012,Your Shape: Fitness Evolved 2013
9128,2012,Farming Simulator 2012
9105,2015,Sumikko Gurashi: Omise Hajimerundesu
9094,2012,Okami
9073,2012,Senran Kagura Burst: Guren no Sh?jo-tachi
9039,2015,Disney Infinity 2.0: Marvel Super Heroes
9011,2014,Lost Dimension
9010,2013,Adventure Time: Explore the Dungeon Because I Don't Know!
9009,2014,Derby Stallion Gold
9003,2014,Deception IV: Blood Ties
8991,2013,Moshi Monsters: Katsuma Unleashed
8975,2013,Summon Night 5
8948,2013,Hoppechan: Tsukutte! Asonde! Punipuni Town!!
8947,2014,Code:Realize - Sousei no Himegimi
8895,2015,Pro Baseball Spirits 2015
8867,2015,Tokyo Xanadu
8858,2015,Return to PopoloCrois: A Story of Seasons Fairytale
8856,2014,Oreshika: Tainted Bloodlines
8852,2014,The Legend of Heroes: Trails of Cold Steel II
8849,2014,Fantasia: Music Evolved
8847,2013,Castlevania: Lords of Shadow - Mirror of Fate
8845,2015,Saint Seiya: Soldiers' Soul
8835,2013,Mind Zero
8813,2014,Gundam Breaker 2
8803,2012,Naruto: Powerful Shippuden
8801,2015,Theatrhythm Dragon Quest
8792,2013,Tears to Tiara II: Heir of the Overlord
8749,2014,Harvest Moon: The Lost Valley
8748,2012,Deponia
8712,2013,Putty Squad
8698,2012,Toriko: Gourmet Monsters!
8678,2015,7th Dragon III Code: VFD
8658,2012,Mugen Souls
8632,2012,Just Dance: Disney Party
8537,2014,NASCAR '14
8530,2015,Bladestorm: Nightmare
8475,2014,Ar Nosurge: Ode to an Unborn Star
8469,2013,Phantasy Star Online 2
8466,2015,Mobile Suit Gundam: Extreme VS Force
8456,2015,Project X Zone 2: Brave New World
8453,2012,The Sims 3: Seasons
8449,2014,Jikkyou Powerful Pro Yakyuu 2014
8445,2014,Wildstar
8433,2015,NASCAR '15
8432,2014,Sumikko Gurashi: Koko ga Ochitsukundesu
8429,2014,Dragon Quest X
8416,2015,Toukiden Kiwami
8379,2015,MotoGP 15
8368,2012,Country Dance: All Stars
8356,2015,NBA Live 16
8346,2012,Time and Eternity
8328,2012,Transformers: Prime
8269,2012,The Idolm@ster: Shiny Festa - Honey Sound / Funky Note / Groovy Tune
8263,2012,The Secret World
8235,2014,Project Spark
8234,2015,Back to the Future: The Game
8226,2014,Hyperdimension Neptunia U: Action Unleashed
8216,2013,Yu-Gi-Oh! Zexal World Duel Carnival
8160,2014,Disgaea 4: A Promise Unforgotten
8145,2014,Godzilla (2015)
8120,2013,Daigasso! Band Brothers P
8108,2012,Ridge Racer Unbounded
8086,2014,Dengeki Bunko Fighting Climax
8083,2014,Guilty Gear Xrd: Sign
8080,2013,Super Robot Taisen UX
8076,2014,Dungeon Travelers 2: The Royal Library & The Monster Seal
8060,2012,Hatsune Miku and Future Stars: Project Mirai
8043,2014,Shape Up
8011,2014,MotoGP 14
8002,2012,Syndicate
7984,2014,Phantasy Star Nova
7977,2014,Dance Central: Spotlight
7953,2013,Kuma-Tomo
7942,2015,3rd Super Robot Wars Z: Tengoku-Hen
7940,2014,Singstar: Ultimate Party
7925,2012,Zumba Fitness Rush
7919,2013,Taiko no Tatsujin: Wii U Version!
7901,2015,God Eater Resurrection
7888,2013,Valhalla Knights 3
7875,2013,Fighter Within
7868,2015,Disney Magic World 2
7860,2014,Hyperdevotion Noire: Goddess Black Heart
7831,2013,Kamen Rider: Battride War
7798,2013,Conception II: Children of the Seven Stars
7789,2012,New Love Plus
7784,2015,Great Phoenix Wright: Ace Attorney - Naruhodou Ryuunosuke no Bouken
7770,2015,The Sims 4: Get Together
7762,2012,Danganronpa 2: Goodbye Despair
7731,2015,Zombie Army Trilogy
7730,2013,Demon Gaze
7720,2012,Aikatsu! Cinderella Lesson
7673,2012,Pro Yaky? Spirits 2012
7651,2013,Pro Yaky? Spirits 2013
7643,2012,Total War: Shogun 2 - Fall of the Samurai
7634,2015,Tony Hawk's Pro Skater 5
7631,2012,Code of Princess
7580,2012,Kurohyou 2: Ryu ga Gotoku Ashura Hen
7550,2015,State of Decay
7546,2012,Tekken 3D: Prime Edition
7540,2014,Atelier Shallie: Alchemists of the Dusk Sea
7539,2013,Fairy Fencer F
7538,2012,Shining Blade
7496,2014,The Wolf Among Us
7493,2012,Jikkyou Powerful Pro Yakyuu 2012
7484,2012,Anarchy Reigns
7483,2012,Little Battlers eXperience: Baku Boost
7438,2012,Just Dance: Greatest Hits
7436,2013,Disgaea D2: A Brighter Darkness
7419,2012,Heroes of Ruin
7389,2014,Senran Kagura 2: Deep Crimson
7386,2014,Transformer: Rise of the Dark Spark
7370,2014,GRID Autosport
7348,2012,Magician's Quest: Town of Magic
7338,2013,Akiba's Trip: Undead & Undressed
7320,2013,Steins;Gate
7311,2015,Ride
7309,2012,Digimon World Re:Digitize
7294,2013,NBA Live 14
7292,2015,Code Name: S.T.E.A.M.
7290,2013,Lost Planet 3
7273,2012,Spirit Camera: The Cursed Memoir
7270,2015,Shin Megami Tensei x Fire Emblem
7256,2015,Transformers: Devastation
7214,2012,Dungeon Hunter Alliance
7204,2014,Castlevania: Lords of Shadow 2
7202,2013,Hitman: HD Trilogy
7183,2013,Move Fitness
7166,2013,Hatsune Miku: Project Mirai 2
7145,2013,Killer is Dead
7143,2013,Sword Art Online: Infinity Moment
7132,2014,3rd Super Robot Wars Z Jigoku Hen
7126,2015,Senran Kagura: Estival Versus
7111,2012,Ratchet & Clank: Full Frontal Assault
7059,2014,NBA Live 15
6996,2013,Dynasty Warriors: Gundam Reborn
6989,2015,Total War: Attila
6979,2015,Girls Mode 3: Kirakira Code
6966,2013,The Smurfs 2
6963,2015,Etrian Mystery Dungeon
6950,2014,The Walking Dead: Season Two
6948,2012,Silent Hill: Book of Memories
6930,2012,LEGO Harry Potter: Years 5-7
6925,2014,Onechanbara Z2: Chaos
6923,2013,Game & Wario
6920,2012,Risen 2: Dark Waters
6902,2015,Chibi-Robo! Zip Lash
6896,2012,DiRT Showdown
6855,2012,Grand Slam Tennis 2
6841,2015,Stella Glow
6795,2014,Corpse Party: Blood Drive
6781,2015,LEGO Ninjago: Shadow of Ronin
6771,2013,Disney's Planes
6745,2015,Anno 2205
6726,2015,Yakuza Zero: The Place of Oath
6712,2015,The Legend of Legacy
6695,2015,J Stars Victory Vs.
6655,2012,Birds of Steel
6620,2015,Tearaway Unfolded
6619,2012,Journey
6578,2012,Tokyo Jungle
6572,2013,Star Trek: The Game
6554,2014,Samurai Warriors 4
6546,2012,Game of Thrones
6545,2012,The Testament of Sherlock Holmes
6533,2014,Yakuza: Ishin
6518,2013,Etrian Odyssey Untold: The Millennium Girl
6495,2012,Lumines: Electronic Symphony
6487,2013,Jikkyou Powerful Pro Yakyuu 2013
6482,2013,Inazuma Eleven GO 3: Galaxy
6462,2013,Aikatsu! 2-nin no My Princess
6451,2013,Gundam Breaker
6419,2012,Ninja Gaiden Sigma
6413,2014,Teenage Mutant Ninja Turtles: Danger of the Ooze
6409,2014,Ultimate NES Remix
6408,2015,Payday 2
6351,2012,Tohoku Daigaku Karei Igaku Kenkyuusho - Kawashima Ryuuta Kyouju Kanshuu - Mono Sugoku Nou o Kitaeru 5-Funkan no Oni Training
6336,2014,Sherlock Holmes: Crimes & Punishments
6331,2014,Sengoku Basara 4
6327,2015,Disgaea 5: Alliance of Vengeance
6311,2012,Rhythm Thief & the Emperor's Treasure
6295,2013,Hatsune Miku: Project Diva f
6293,2015,Divinity: Original Sin
6279,2013,Zumba Fitness: World Party
6268,2014,How to Train Your Dragon 2
6261,2015,Deadpool
6258,2012,Kobitodzukan: Kobito Kansatsu Set
6241,2013,Puppeteer
6212,2014,Danganronpa Another Episode: Ultra Despair Girls
6183,2012,Sing Party
6174,2013,Army of Two: The Devil's Cartel
6151,2013,Need for Speed: Most Wanted
6113,2012,Hot Shots Golf: World Invitational
6093,2012,Family Guy: Back to the Multiverse
6072,2013,Dragon Ball Heroes: Ultimate Mission
6046,2012,Just Dance Wii 2
6045,2014,Sonic Boom: Shattered Crystal
6043,2012,Fable: The Journey
6021,2012,Ys: Memories of Celceta
6008,2012,Starhawk
5994,2013,The Bureau: XCOM Declassified
5973,2014,Soul Sacrifice Delta
5916,2012,We Sing Pop!
5909,2012,Shin Megami Tensei: Devil Summoner - Soul Hackers
5884,2015,Tropico 5
5878,2014,Dynasty Warriors 8: Xtreme Legends
5874,2015,DmC: Devil May Cry
5869,2013,Drakengard 3
5842,2014,NES Remix
5837,2012,Dai-2-Ji Super Robot Taisen OG
5828,2014,One Piece: Unlimited World Red
5821,2013,LEGO Legends of Chima: Laval's Journey
5805,2013,The Legend of Heroes: Trails of Cold Steel
5791,2012,Sorcery
5790,2012,SD Gundam G Generation: Overworld
5765,2014,Taiko Drum Master: Don and Katsu's Space-Time Great Adventure
5761,2015,Football Manager 2016
5728,2014,Dragon Ball Heroes: Ultimate Mission 2
5727,2015,Hatsune Miku: Project Mirai DX
5615,2014,Murdered: Soul Suspect
5593,2012,Dead or Alive 5
5574,2014,God of War Collection
5556,2015,Dragon Ball Z: Extreme Butoden
5504,2014,Dragon Ball Z: Battle of Z
5490,2014,Sonic Boom: Rise of Lyric
5449,2012,Binary Domain
5431,2012,Modnation Racers: Road Trip
5421,2013,Zoo Tycoon (2013)
5394,2012,Silent Hill HD Collection
5344,2012,F1 Race Stars
5307,2013,Sniper: Ghost Warrior 2
5303,2013,Angry Birds Star Wars
5289,2014,Fossil Fighters: Frontier
5279,2013,Sentouchu: Densetsu no Shinobi to Survival Battle!
5275,2013,Remember Me
5244,2013,Company of Heroes 2
5234,2012,Dai-2-Ji Super Robot Taisen Z Saisei-hen
5233,2012,James Bond 007: Legends
5210,2013,Senran Kagura Shinovi Versus: Sh?jo-tachi no Sh?mei
5192,2013,Earth Defense Force 2025
5152,2014,Sid Meier's Civilization: Beyond Earth
5147,2014,Theatrhythm Final Fantasy: Curtain Call
5141,2015,Dishonored
5088,2012,ESPN: Sports Connection
5071,2014,Mobile Suit Gundam: Extreme VS Full Boost
5068,2013,Toukiden: The Age of Demons
5054,2012,Etrian Odyssey IV: Legends of the Titans
5028,2012,Metal Gear Solid: Snake Eater 3D
5023,2013,Phoenix Wright: Ace Attorney - Dual Destinies
4998,2015,God Eater 2: Rage Burst
4995,2012,Batman: Arkham City
4977,2015,Saints Row IV
4955,2013,Farming Simulator 2013
4953,2013,Tiger Woods PGA Tour 14
4921,2012,Wipeout 2048
4919,2012,Project X Zone
4917,2013,Metal Gear Solid: The Legacy Collection
4908,2012,The Darkness II
4883,2013,GRID 2
4864,2012,Armored Core V
4854,2014,Wii Sports Club
4800,2012,WipeOut 3 The Game
4788,2014,Hatsune Miku: Project Diva F 2nd
4784,2014,Story of Seasons
4776,2012,Asura's Wrath
4746,2013,The Wonderful 101
4702,2012,Mass Effect Trilogy
4679,2013,Attack on Titan: Humanity in Chains
4659,2015,Animal Crossing: Amiibo Festival
4630,2015,Wolfenstein: The Old Blood
4587,2013,Hometown Story
4545,2012,Zone of the Enders HD Collection
4517,2014,Sleeping Dogs
4512,2015,Rock Band 4
4507,2014,Trials Fusion
4443,2012,Ninja Gaiden 3
4426,2012,Transformers: Fall of Cybertron
4402,2015,Mario Tennis Ultra Smash
4363,2015,One Piece: Pirate Warriors 3
4360,2013,God Eater 2
4329,2012,Resistance: Burning Skies
4327,2012,Moshi Monsters: Moshlings Theme Park
4319,2014,The Walking Dead: Season One
4314,2013,Tales of Hearts
4309,2015,Persona 4: Dancing All Night
4301,2015,Puzzle & Dragons Z + Super Mario Bros. Edition
4289,2015,Sword Art Online: Lost Song
4275,2015,Farming Simulator 2015
4249,2012,Art Academy: Lessons for Everyone
4215,2012,Inazuma Eleven Go 2: Chrono Stone
4206,2013,Major League Baseball 2K13
4169,2012,Silent Hill: Downpour
4165,2014,Naruto Shippuden: Ultimate Ninja Storm Revolution
4152,2015,Bravely Second: End Layer
4137,2014,Fable
4127,2015,Skylanders: SuperChargers
4124,2014,Football Manager 2015
4109,2014,World of Warcraft: Warlords of Draenor
4093,2014,Mario Golf: World Tour
4088,2012,Metal Gear Solid HD Edition
4067,2014,F1 2014
4057,2012,Epic Mickey: Power of Illusion
4046,2014,Pokemon Art Academy
4034,2013,Sonic Lost World
3996,2012,Major League Baseball 2K12
3975,2012,Theatrhythm: Final Fantasy
3935,2015,Rory McIlroy PGA Tour
3894,2014,Lords of the Fallen
3890,2015,StarCraft II: Legacy of the Void
3848,2014,Final Fantasy Explorers
3813,2013,Batman: Arkham Origins Blackgate
3787,2015,Kirby and the Rainbow Curse
3765,2013,Dragon's Crown
3713,2015,Resident Evil: Revelations 2
3676,2012,Rune Factory 4
3666,2014,The Amazing Spider-Man 2 (2014)
3653,2012,Unit 13
3640,2012,Tiger Woods PGA Tour 13
3636,2013,Sly Cooper: Thieves in Time
3617,2013,Soul Sacrifice
3595,2015,Xenoblade Chronicles
3555,2013,NHL 14
3548,2012,Spec Ops: The Line
3531,2013,Defiance
3506,2013,Shin Megami Tensei IV
3456,2014,Kinect Sports Rivals
3448,2014,NHL 15
3438,2012,Doom 3 BFG Edition
3430,2015,Dark Souls II
3421,2015,Tales of Zestiria
3403,2012,Yakuza 5
3386,2012,Rayman Origins
3376,2012,Kinect Rush: A Disney Pixar Adventure
3373,2012,Scribblenauts: Unlimited
3353,2014,LEGO The Hobbit
3292,2013,Dynasty Warriors 8
3288,2015,NHL 16
3280,2012,Toshochu: Run for Money
3275,2014,Rocksmith 2014
3262,2012,FIFA Soccer
3214,2015,God of War III
3208,2012,Angry Birds Trilogy
3203,2012,Taiko no Tatsujin: Chibi Dragon to Fushigi na Orb
3190,2013,F1 2013
3179,2013,The Walking Dead: Survival Instinct
3174,2015,LEGO Dimensions
3169,2012,Gravity Rush
3113,2014,MLB 14: The Show
3093,2015,F1 2015
3068,2012,Puzzler Brain Games
3048,2012,NHL 13
3013,2012,Lollipop Chainsaw
2992,2014,Sniper Elite 3
2989,2014,Metro: Last Light
2981,2015,Disney Infinity 3.0
2975,2012,Kirby's Dream Collection: Special Edition
2970,2013,Frozen: Olaf's Quest
2967,2015,Nintendo Presents: New Style Boutique 2 - Fashion Forward
2962,2013,One Piece: Pirate Warriors 2
2931,2012,Book of Spells
2904,2012,London 2012: The Official Video Game of the Olympic Games
2903,2014,2014 FIFA World Cup Brazil
2901,2013,Ratchet & Clank: Into the Nexus
2891,2013,Football Manager 2014
2884,2015,Rhythm Heaven: The Best+
2877,2015,Final Fantasy X/X-2 HD Remaster
2870,2014,Persona Q: Shadow of the Labyrinth
2864,2015,Dragon Quest Heroes: The World's Tree Woe and the Blight Below
2862,2013,MLB 13: The Show
2852,2012,Monster Hunter Tri
2832,2014,Final Fantasy XIV: A Realm Reborn
2826,2012,XCOM: Enemy Unknown
2824,2012,Style Savvy: Trendsetters
2791,2012,Persona 4: Arena
2786,2012,Naruto Shippuden: Ultimate Ninja Storm Generations
2773,2015,Mario & Luigi: Paper Jam
2759,2014,Borderlands: The Pre-Sequel
2737,2013,Tearaway
2731,2015,Rare Replay
2730,2013,Total War: Rome II
2703,2014,Pro Evolution Soccer 2015
2700,2012,SoulCalibur V
2697,2012,Mortal Kombat
2669,2014,Freedom Wars
2645,2015,Pro Evolution Soccer 2016
2642,2012,God of War Saga
2629,2013,Professor Layton and the Azran Legacy
2616,2014,Dragon Quest Monsters 2
2592,2013,Mario & Sonic at the Sochi 2014 Olympic Winter Games
2585,2013,Resident Evil: Revelations
2576,2012,[Prototype 2]
2574,2013,Aliens: Colonial Marines
2554,2012,Professor Layton vs Phoenix Wright: Ace Attorney
2544,2015,Guitar Hero Live
2532,2012,Twisted Metal (2012)
2491,2012,Dance Central 3
2488,2014,Borderlands 2
2473,2015,Borderlands: The Handsome Collection
2469,2012,Street Fighter X Tekken
2461,2015,Xenoblade Chronicles X
2458,2012,Devil May Cry HD Collection
2454,2014,Thief (2014)
2419,2015,Dragon Quest VIII: Journey of the Cursed King
2414,2012,Darksiders II
2411,2015,Monster Strike 3DS
2409,2012,Tales of Xillia 2
2372,2012,Tekken Tag Tournament 2
2351,2012,Kingdoms of Amalur: Reckoning
2350,2013,Wii Fit U
2336,2012,The Jak and Daxter Collection
2321,2012,LittleBigPlanet Karting
2287,2015,Minecraft: Story Mode
2279,2012,Harvest Moon 3D: A New Beginning
2273,2015,MLB 15: The Show
2268,2012,MLB 12: The Show
2264,2013,Crysis 3
2263,2013,Disney Magical World
2229,2012,SSX
2207,2012,The Witcher 2: Assassins of Kings
2206,2012,Mario Tennis Open
2194,2014,Lego Batman 3: Beyond Gotham
2190,2015,Evolve
2173,2015,LEGO Jurassic World
2172,2013,Naruto Shippuden: Ultimate Ninja Storm 3
2164,2012,Dragon Quest Monsters: Terry's Wonderland 3D
2153,2012,PlayStation All-Stars Battle Royale
2124,2013,Pro Evolution Soccer 2014
2118,2014,South Park: The Stick of Truth
2089,2013,Tom Clancy's Splinter Cell: Blacklist
2077,2013,Dead Space 3
2072,2013,Killzone: Mercenary
2055,2014,Rayman Legends
2043,2014,Bayonetta 2
2019,2012,Epic Mickey 2: The Power of Two
2014,2014,EA Sports UFC
2006,2015,Project CARS
1988,2012,Pokemon Conquest
1979,2015,Dragon Ball: XenoVerse
1977,2012,UFC Undisputed 3
1969,2014,Skylanders: Trap Team
1933,2012,F1 2012
1919,2013,NCAA Football 14
1903,2012,NCAA Football 13
1898,2015,Grand Theft Auto V
1871,2013,Lightning Returns: Final Fantasy XIII
1852,2015,The Legend of Zelda: Tri Force Heroes
1845,2013,Pikmin 3
1838,2014,Sunset Overdrive
1834,2015,Mad Max (2015)
1814,2014,Alien: Isolation
1810,2014,WWE 2K15
1808,2012,Fantasy Life
1762,2014,Plants vs. Zombies: Garden Warfare
1736,2012,Football Manager 2013
1708,2012,Resident Evil: Operation Raccoon City
1704,2015,Pokemon Super Mystery Dungeon
1694,2012,Mario & Sonic at the London 2012 Olympic Games
1689,2014,Captain Toad: Treasure Tracker
1686,2013,WWE 2K14
1685,2012,One Piece: Pirate Warriors
1675,2015,WWE 2K16
1672,2015,Just Dance 2016
1582,2012,LEGO The Lord of the Rings
1557,2012,Pokemon Mystery Dungeon: Gates to Infinity
1550,2012,Kid Icarus: Uprising
1543,2014,Metal Gear Solid V: Ground Zeroes
1530,2012,FIFA Street
1528,2015,Yoshi's Woolly World
1490,2014,The LEGO Movie Videogame
1489,2014,Kingdom Hearts II
1480,2013,Final Fantasy X / X-2 HD Remaster
1433,2013,Ryse: Son of Rome
1432,2014,Yoshi's New Island
1418,2014,Forza Horizon 2
1407,2012,Persona 4: Golden
1404,2012,Bravely Default: Flying Fairy
1399,2012,WWE '13
1372,2013,Injustice: Gods Among Us
1367,2014,Tomb Raider (2013)
1355,2013,Dragon Quest VII: Warriors of Eden
1337,2013,SimCity (2013)
1316,2013,LEGO City Undercover
1313,2012,Medal of Honor: Warfighter
1301,2012,Tom Clancy's Ghost Recon: Future Soldier
1298,2012,LittleBigPlanet PS Vita
1293,2013,Metal Gear Rising: Revengeance
1288,2012,Assassin's Creed III: Liberation
1247,2013,Puzzle & Dragons
1229,2014,Donkey Kong Country: Tropical Freeze
1212,2015,Fire Emblem Fates
1210,2013,Dead Rising 3
1209,2015,Mario Party 10
1186,2012,Pro Evolution Soccer 2013
1178,2012,Kingdom Hearts 3D: Dream Drop Distance
1170,2014,Wolfenstein: The New Order
1143,2013,Gears of War: Judgment
1124,2015,Until Dawn
1099,2015,Dying Light
1094,2013,StarCraft II: Heart of the Swarm
1089,2013,Knack
1073,2012,Call of Duty Black Ops: Declassified
1051,2014,The Crew
1036,2015,The Elder Scrolls Online
1035,2015,The Order: 1886
1031,2013,Disney Infinity
1024,2014,Diablo III
1020,2015,Forza Motorsport 6
1006,2013,Kingdom Hearts
983,2013,Wii Party U
980,2013,The Legend of Zelda: The Wind Waker
979,2012,Dragon's Dogma
972,2012,Kinect Star Wars
971,2013,Beyond: Two Souls
959,2014,The Evil Within
953,2014,Kirby: Triple Deluxe
949,2015,Just Cause 3
947,2012,World of Warcraft: Mists of Pandaria
936,2013,Mario Party: Island Tour
931,2014,LittleBigPlanet 3
924,2013,Donkey Kong Country Returns
913,2013,Yokai Watch
911,2013,Need for Speed Rivals
910,2012,Max Payne 3
907,2015,Destiny: The Taken King
867,2013,BioShock Infinite
860,2014,Dragon Age: Inquisition
850,2014,DriveClub
849,2012,Fire Emblem: Awakening
845,2012,Forza Horizon
838,2014,Madden NFL 15
822,2013,Mario & Luigi: Dream Team
799,2015,Battlefield: Hardline
760,2015,Tom Clancy's Rainbow Six: Siege
751,2013,Madden NFL 25
750,2013,Forza Motorsport 5
747,2012,Hitman: Absolution
727,2013,New Super Luigi U
707,2012,Paper Mario: Sticker Star
701,2015,Yokai Watch Busters
700,2014,Just Dance 2015
697,2013,God of War: Ascension
693,2012,Guild Wars 2
692,2013,LEGO Marvel Super Heroes
682,2015,The Legend of Zelda: Majora's Mask 3D
677,2013,Skylanders SWAP Force
663,2014,NBA 2K15
662,2015,Bloodborne
656,2013,Batman: Arkham Origins
626,2013,NBA 2K14
594,2013,Killzone: Shadow Fall
572,2012,Skylanders Giants
562,2014,Yokai Watch 2 Shinuchi
554,2015,Mortal Kombat X
539,2014,inFAMOUS: Second Son
507,2012,Madden NFL 13
495,2014,Titanfall
479,2014,The Sims 4
477,2015,Animal Crossing: Happy Home Designer
472,2014,Middle-Earth: Shadow of Mordor
469,2012,NBA 2K13
468,2015,Gears of War: Ultimate Edition
458,2012,Mass Effect 3
455,2013,The Legend of Zelda: A Link Between Worlds
440,2014,Halo: The Master Chief Collection
430,2015,Super Mario Maker
420,2014,Yokai Watch 2 Ganso/Honke
419,2015,Madden NFL 16
415,2015,Monster Hunter X
410,2015,Assassin's Creed Syndicate
406,2012,Mario Party 9
396,2015,Metal Gear Solid V: The Phantom Pain
384,2013,Monster Hunter 4
383,2012,Far Cry 3
345,2013,Gran Turismo 6
337,2013,Battlefield 4
332,2015,The Witcher 3: Wild Hunt
328,2013,Just Dance 2014
323,2015,Batman: Arkham Knight
315,2015,NBA 2K16
309,2014,Monster Hunter 4 Ultimate
308,2013,Assassin's Creed IV: Black Flag
305,2014,Assassin's Creed: Unity
298,2014,Minecraft
296,2014,Far Cry 4
281,2014,Watch Dogs
262,2013,Super Mario 3D World
261,2015,Halo 5: Guardians
247,2012,Nintendo Land
244,2015,Uncharted: The Nathan Drake Collection
236,2015,Splatoon
235,2013,Luigi's Mansion: Dark Moon
189,2013,Tomodachi Life
184,2012,New Super Mario Bros. U
155,2014,Destiny
147,2013,The Last of Us
129,2012,Assassin's Creed III
125,2014,FIFA 15
113,2013,FIFA 14
112,2012,Just Dance 4
110,2015,Fallout 4
109,2014,Mario Kart 8
98,2014,Super Smash Bros. for Wii U and 3DS
94,2014,Call of Duty: Advanced Warfare
93,2015,Star Wars Battlefront (2015)
83,2012,FIFA Soccer 13
82,2012,Pokemon Black 2/Pokemon White 2
78,2015,FIFA 16
74,2012,Animal Crossing: New Leaf
66,2012,Halo 4
65,2012,New Super Mario Bros. 2
62,2013,Call of Duty: Ghosts
50,2014,Pokemon Omega Ruby/Pokemon Alpha Sapphire
35,2012,Call of Duty: Black Ops II
34,2015,Call of Duty: Black Ops 3
33,2013,Pokemon X/Pokemon Y
